{
  "total_sales": 2083990871.45,
  "total_profit": 559033077.13,
  "total_orders": 57718,
  "total_customers": 8767,
  "avg_order_value": 36106.4290420666,
  "return_rate_pct": 7.43379989455603,
  "overall_margin_pct": 26.825121203195852
}